Evento,Ciudad,Venue,Fecha,Tickets,GP,
Avenged Sevenfold,CDXM,Estadio GNP Seguros,17 de enero,,Y,
"Dark Tranquillity
",CDXM,Circo Volador,24 de enero,,N,
Cynic,CDXM,Circo Volador,25 de enero,,N,
"Rivers of Nihil
",CDXM,Foro Alicia,30 de enero,,N,
Death To All,CDMX,Circo Volador,1 de febrero,,Y,
Obituary,CDMX,Indie Rocks,5 de febrero,,N,
Psychonaut 4 ,CDMX,Circo Volador,6 de febrero,,N,
Ángeles del Infierno,CDMX,Arena Ciudad de México,15 de febrero,,N,
"Mexa Fest - Larva, Ulthar, Eye of Destruction, Goddam Particle y más bandas",Estado de Mexico,"Rock Son Cuatitlán Izcalli - Entrada Gratuita
Playera - $300",28 de febrero,,N,
Nile,CDMX,Foro Alicia,5 de marzo,,N,
NARGAROTH ,CDMX,Circo Volador,5 de marzo,,N,
VOLA,CDMX,Circo Volador,7 de Marzo,,N,
Moonspell,CDMX,Pepsi Center,13 de marzo,,N,
SYMPHONY X - 30TH ANNIVERSARY TOUR,CDMX,"Foro Teambro, Ciudad de Mexico",13 de marzo,,N,
"Metal Chingón II - Anima Tempo, Ulthar, Mythril y más bandas",Mexicalli,Foro Dragón,13 de marzo,,N,
"Metal Chingón II - Anima Tempo, Ulthar, Mythril y más bandas",Ensenada,Black Dog Rock Bar - Ensenada B.C.,14 de marzo,,N,
Alestorm,CDMX,Circo Volador,14 de marzo,,N,
"Vive Latino - Avatar, Ladrones, Lenny Kravitz, Tom Morello",CDMX,Estadio GNP Seguros,14 y 15 de marzo,,N,
Katatonia,CDMX,Foro Velódromo,15 de marzo,,N,
London After Midnight,CDMX,Auditorio BB,20 de marzo,,N,
Halestorm,CDMX,"PAbellon Oeste, Palacio de los deportes",24 de Marzo,,N,
"Veracruz Metal Fest II –- Intoxxxicated, Höwler y más bandas",Veracruz,Hotel Diana Cazadora,28 de marzo,,N,
"Tecate Pa'l Norte - Guns N' Roses, Deftones, The Warning",Monterrey,"Parque Fundidora de Monterrey, Nuevo León. ","27, 28 y 29 de marzo",,N,
Deftones,CDMX,Palacio de los Deportes,29 de marzo,,N,
AC/DC,CDMX,Estadio GNP Seguros,"7,11 y 15 de abril",,Y,
Dream Theater,CDMX,Arena Ciudad de México,10 de abril,,Y,
Ill Nino ,CDMX,F*ck off room,Cancelado,,N,
Jinjer,CDMX,Circo Volador,19 de abril,,N,
Architects,CDMX,Foro Velódromo,25 de abril,,Y,
Black Label Society,CDMX,Foro Velódromo,23 de abril - Cancelado,,N,
Midnigth,CDMX,Foro 28,26 de abril,,N,
Amaranthe,CDMX,Circo Volador,30 de abril,,N,
A.N.I.M.A.L,CDMX,F*ck off room,30 de abril,,N,
Twisted Sister (Sebastian Bach),CDMX,Velodromo Olimpico,1 de Mayo- Cancelado,,N,
Tankard,CDMX,Foro Alicia,1 de mayo,,N,
Beyond Creation y Felluja,CDMX,Circo Volador,3 de Mayo,,N,
Vader,CDMX,Foro Alicia,3 de mayo,,N,
In Flames,CDMX,Circo Volador,2 de Mayo,,N,
Megadeth,Monterrey,Arena Monterrey,8 de Mayo,,Y,
Megadeth,CDMX,Arena Ciudad de México,10 y 11 de Mayo,,N,
Megadetn,Guadalajara,Arena Guadalajara,13 de Mayo,,N,
Gutalax,CDMX,Foro 28,16 de mayo,,N,
Dogma,CDMX,Circo Volador,16 de Mayo,,N,
San Luís Metal Fest,San Luis Postosi,Teatro del Pueblo de la Feria Nacional Potosina (FENAPO),16 y 17 de mayo,,N,
Korn,CDMX,Palacio de los Deportes,19 de mayo - Funado,,N,
Metallica - Gojira y Knocked Loose,Frankfurt,Deutsche Bank Park,22 de mayo,,Y,
Metallica - Pantera y Avatar,Frankfurt,Deutsche Bank Park,24 de mayo,,Y,
System Of A Down ,CDMX,Estadio GNP Seguros,27 y 28 de mayo,,Y,
Turilli / Lione Rhapsody,CDMX,Pepsi Center,6 de junio,,N,
Rush,CDMX,Palacio de los Deportes,18 y 20 de junio,,N,
Havok,CDMX,F*ck off Room,2 de Julio,,Y,
Pestilence,Guadalajara,Foro Independencia,2 de Julio,,N,
Havok,CDMX,F*ck off Room,3 de Julio,,Y,
Pestilence,Tijuana,Black Box,3 de Julio,,N,
Pestilence,Hermosillo,London Pub,4 de Julio,,N,
Pestilence,Monterrey,Cafe Iguana,5 de Julio,,N,
Live Kristine,CDMX,Foro Alicia,7 de Julio,,N,
Pestilence,Leon,Rockstations,8 de Julio,,N,
Pestilence,Aguascalientes,Rocksi,9 de Julio,,N,
Hanabie ,Guadalajara,Teatro Esudio Cabaret,7 de Julio,,N,
Pestilence,CDMX,Circo Volador,10 de Julio,,N,
Hanabie ,CDMX,Foro Velódromo,10 de Julio,,N,
"P4R4S1T0, S7N y Crown Of Nails",Guadalajara,C3 Roof Top,18 de Julio,,N,
Motley Crue,SLP,Fenapo,8 de Agosto ,Entrada Libre,N,
"Brutal Fest - Goddamn Particle, Homesick of AfterLife, The Brain Rage",CDMX,F*ck off Room - Entrada Libre,16 de agosto,Entrada Libre,Y,
Lacrimosa,CDMX,Arena Ciudad de México,22 y 23 de Agosto,https://www.superboletos.com/landing-evento/wmNN5Dvr78xoNqARZUDIUw,N,
Helloween,CDMX,Arena Ciudad de México,29 de agosto,https://www.superboletos.com/landing-evento/ECKyWzlsVynHjNriKBgMMw,N,
Ladrones,CDMX,Pabellon Oeste,29 de Agosto,https://www.ticketmaster.com.mx/ladrones-mexico-29-08-2026/event/140064758E0D31FF,Y,
Mexafest,Guadalajara,"Cuerda Cultura
Preventa - $150
Día del evento - $200",29 de agosto,https://www.passline.com/eventos/mexafest-gdl,Y,
Helloween,Guadalajara,Teatro Diana,31 de Agosto,https://www.ticketmaster.com.mx/helloween-40-years-anniversary-tour-guadalajara-31-08-2026/event/3D0064928C5029E6,N,
Scorpions,Guadalajara,Auditorio Telmex,7 de Septiembre,https://www.ticketmaster.com.mx/scorpions-zapopan-07-09-2026/event/1400649CE46EE73D,N,
Scorpions,CDMX,Palacio de los Deportes,10 de Septiembre,https://www.ticketmaster.com.mx/scorpions-ciudad-de-mexico-10-09-2026/event/1400649893654C1A,,
Scorpions,Monterrey,Auditorio Banamex,13 de Septiembre,https://www.ticketmaster.com.mx/scorpions-monterrey-13-09-2026/event/140064A6B13DBCC9,,
The Gathering,CDMX,Auditorio BB,10 de Septiembre,https://www.passline.com/eventos-plano/the-gathering-mandylion-30-years-anniversary,N,
Candelabrum Metal Fest V,Leon,La Velaria de la Feria,12 y 13 de septiembre,https://www.eticket.mx/eventos.aspx?idartista=4071,Y,
Sonata Arctica,CDMX,"Foro Teambro
Ciudad de México, CDMX",14 de septiembre,https://www.superboletos.com/landing-evento/DegQbj-D8fUhcBJpdjawxA,N,
Ill Nino ,CDMX,F*ck off Room,16 de Septiembre,https://www.superboletos.com/landing-evento/AKwBCnKjtrmm-UGBgmvwZw,N,
Mexafest,Puebla,Zocalo de la Ciudad ,26 de septiembre,Entrada Libre,N,
Left To Die,CDMX,HDX Circus,30 de Septiembre,https://www.eventbrite.com.mx/e/left-to-die-cdmx-tickets-1983149742264,N,
AfterShock,Sacramento,Discovery Park,"1,2,3 y 4 de octubre",https://aftershockfestival.com/pass-info/,Y,
Amorphis,CDMX,Circo Volador,1 de Octubre,https://arema.mx/e/17358-amorphis-en-cdmx,N,
Iron Maiden / Anthrax,CDMX,Estadio GNP Seguros,2 de octubre,https://www.ticketmaster.com.mx/iron-maiden-ciudad-de-mexico-02-10-2026/event/1400634DB30C6F68,Y,
Rata Blanca,CDMX,Circo Volador,4 de Octubre,https://arema.mx/e/16721-rata-blanca-en-cdmx-2026?gad_source=1&gad_campaignid=23547142734&gbraid=0AAAABC11lIrCCjW3Kq7gLl_j7HXOhU5wD&gclid=CjwKCAjwmozTBhAeEiwAkEGZzqywWHEfIqSaIRdFTvK3kDzZxCE5o43Mf5mlrpa1MGL5gmM2UTAfZBoC6f8QAvD_BwE,N,
Rodrigo & Gabriela - Live 360,CDMX,Polyforum Siqueiros,6 de Octubre,https://www.tickettailor.com/events/loveacademy/2222571?trackingConsent=0,N,
Rodrigo & Gabriela - Live 360,CDMX,Polyforum Siqueiros,7 de Octubre,https://www.tickettailor.com/events/loveacademy/2222571?trackingConsent=0,N,
Between The Buried and Me,CDMX,CIrco Volador,8 de Octubre,https://www.superboletos.com/landing-evento/AH6WWoRwzNrmfvZmhrnxlg,Y,
Obscura ,Morelia,Salon Arena,8 de Octubre,https://realmofobscura.com/live/,N,
Obscura ,Leon ,Rockstar Burguer Madero,9 de Octubre,https://realmofobscura.com/live/,N,
Obscura ,Guadalajara,C3 Stage,10 de Octubre,https://realmofobscura.com/live/,N,
Obscura ,SLP,Bunker 57,11 de Octubre,https://realmofobscura.com/live/,N,
Sepultura,CDMX,Pepsi Center,11 de Octubre,https://www.ticketmaster.com.mx/sepultura-mexico-11-10-2026/event/140064EEFAB5C896,,
Six Feet Under,CDMX,Circo Volador,15 de Octubre,https://www.superboletos.com/landing-evento/uPn0LLlw2-s47fX2FHyrOg,N,
Fit For a King,CDMX,Circo Volador,16 de Octubre,https://arema.mx/e/17676-fit-for-a-king-en-cdmx,N,
Obscura ,CDMX,Foro 18,16 de Octubre,https://realmofobscura.com/live/,N,
Obscura ,Monterrey,La Terraza Sultan,17 de Octubre,https://realmofobscura.com/live/,N,
Def Leppard y Extreme,Querétaro,Autódromo de Querétaro,17 de Octubre,https://www.eticket.mx/masinformacion.aspx?idevento=35838,N,
Obscura ,Durango,Leyenda de Analco,18 de Octubre,https://realmofobscura.com/live/,N,
Def Leppard y Extreme,CDMX,Palacio de los Deportes,19 de Octubre ,https://www.ticketmaster.com.mx/def-leppard-ciudad-de-mexico-19-10-2026/event/140064B5BE65F56F,N,
Slayer y Power Trip,CDMX,Palacio de Los Deportes,21 de Octubre,https://www.ticketmaster.com.mx/slayer-reign-in-blood-40th-anniversary-2026-ciudad-de-mexico-21-10-2026/event/14006495ADFCEE8F,Y,
Def Leppard y Extreme ,Guadakajara,Arena VFG,21 de Octubre,https://www.ticketmaster.com.mx/def-leppard-tlajomulco-de-zuniga-21-10-2026/event/3D0064B487293AC5,N,
Transmetal,CDMX,Lunario,25 de Octubre,https://www.ticketmaster.com.mx/transmetal-40-aniversario-ciudad-de-mexico-25-10-2026/event/3D00648B933C249E,N,
Deathlock,Chihuahua,Pistoleros House of Shows,29 de Octubre,https://dethkloklive.com/,N,
Deathlock,CDMX,Circo Volador,30 de Octubre,https://dethkloklive.com/,N,
Deathlock,Monterrey,Terraza Sultan,31 de Octubre,https://dethkloklive.com/,N,
Deathlock,Guadalajara,Foro Independencia,1 de Noviembre,https://dethkloklive.com/,N,
Metallica,Las Vegas,The Sphere,5 y 7 de Noviembre,Sold Out,Y,
Opeth,CDMX,Arena Ciudad de México,11 de noviembre,https://www.superboletos.com/landing-evento/5iYNAPCzR6ZEqSFFXU4Yyw,N,
ZZtop,CDMX,Auditorio Nacional,11 de noviembre,https://www.ticketmaster.com.mx/zz-top-ciudad-de-mexico-11-11-2026/event/3D00647584612B59,N,
Mexafest,Tuxtla,Por anunciar,14 de noviembre,Por anunciar,N,
"Testament, Municipal Waste, Immolation",CDMX,Circo Volador,20 de Noviembre,https://www.superboletos.com/landing-evento/FU9sR3xGK_TOINzLxS3tfQ,Y,
A Perfect Circle,CDMX,Estadio Fray Nano ,25 de Noviembre,https://funticket.mx/evento/apc-cdmx/,N,
Dimmu Borgir y Kreator,CDMX,Velódromo Olímpico,3 de diciembre,https://funticket.mx/evento/apocalipsis-cdmx,Y,
Knotfest,CDMX,Estadio Fray Nano,5 de diciembre,https://funticket.mx/evento/knotfest-cdmx,Y,"Knotfest - Bad Omens, Lamb of God, Poppy,"
Babymetal,CDMX,Estadio Fray Nano,12 de diciembre,https://funticket.mx/evento/bby-mtal-cdmx,N,"The Ghost Inside, Blood Incantation, Sylosis,"
Deep Purple,CDMX,Estadio Fray Nano ,19 de diciembre,https://funticket.mx/evento/deep-purple-cdmx,Y,"Vana, y Versailles."
Heavy Metal X’Mas 2026 - Fear Factory,CDMX,Circo Volador,19 de diciembre,https://arema.mx/e/17255-heavy-metal-x'mas-2026,N,